Bio;Posts;Persona
AI enthusiast and coder;"""Loving the new AI tools!;Just built a neural net;Tech is the future!""";Tech Enthusiast
Passionate about technology and its impact on the world.;"""Building the future, one line of code at a time. Always learning.;pent the weekend building a chatbot that now roasts me daily. Productivity win?;Just tried GitHub Copilot for a project — kinda scary good""";Tech Enthusiast
 Stronger every day;"""Reminder: Abs start in the kitchen, not the gym;Form > ego. Don’t sacrifice your back for a deadlift PR;Early morning grind:  Legs are toast. DOMS incoming!;Meal prep Sunday: salmon, quinoa, broccoli on repeat.""";Fitness Guru
 From dad bod to lifting god. Your online coach;"""Progress pic: 3 years, 1 goal, zero excuses.;Mindset over motivation. Fitness is a lifestyle;""";Fitness Guru
Passport always ready. Chasing views, stories, and sunsets.;"""Woke up to the sound of temple bells in Ubud. Not a bad Monday.; countries in 10 days. My backpack’s tired, but my soul’s full;""";Travel Adventurer
Remote worker living out of a carry-on;"""Today’s office: a cafe in Lisbon with killer WiFi and pastel de nata.;Booked a one-way ticket again. Routine isn’t for me;VPNs and visas are my love language. #DigitalNomad""";Travel Adventurer
Fork-first explorer. Michelin to mom’s kitchen. Always hungry.;"""Just found Tokyo’s best ramen in a back alley with 6 seats. Worth the wait.;Brunch goals: poached eggs + hollandaise heaven;Street tacos in CDMX hit different.""";Foodie Explorer
Food truck hunter. Street eats > white tablecloths.;"""Banh mi for $1.25 in Hanoi. Unreal:Late night churros in Mexico City? Yes. Always yes.;NYC slice wars: Di Fara still reigns supreme.""";Foodie Explorer
Online Coach | Mindset + Muscle;"""it’s not about being the best. It’s about being better than you were yesterday.;Train your mind like you train your body. Strong thoughts = strong results.""";Fitness Guru
Certified Strength Coach ;"""Progressive overload isn’t just a buzzword — it’s the blueprint;More protein, less guesswork. Aim for 1.6–2.2g/kg/day.Training hard is great. Recovering harder is smarter.""";Fitness Guru
Unboxing the future, one device at a time;"""his isn’t just a phone—it’s a pocket-sized supercomputer;Minimal setup. Max performance. Swipe;""";Tech Enthusiast
Code. Coffee. Repeat. ;"""Weekend hackathon = caffeine-fueled chaos + breakthroughs;typed 'npm install' and broke my soul. Standard.;Learning never ends — new stack, new challenges, same passion""";Tech Enthusiast
Chasing flavor from alleyways to night markets;"""If it’s grilled on a stick and served with chili oil — I’m in;No five-star restaurant can beat this noodle cart;Jet lagged and hungry = the perfect time to discover something unforgettable""";Foodie Explorer
Tasting menus & plating perfection ;"""When food becomes art — and then disappears in two bites;A 9-course journey I’ll be dreaming about for weeks;Paired with wine, framed by candlelight, finished with silence.""";Foodie Explorer
Wild trails > Wi-Fi ;"""Found a trail that wasn’t on the map… best decision I’ve made all week;Learned three new phrases, ate five new dishes, and made one new friend today;My kind of traffic: goats on the road and wind in my face""";Travel Adventurer
Here for history, language & local life;"""Learned three new phrases, ate five new dishes, and made one new friend today;Local markets teach more than guidebooks ever could; Learned three new phrases, ate five new dishes, and made one new friend today.""";Travel Adventurer
